name,code
额尔古纳市,152106
根河市,152105
牙克石市,152104
陈巴尔虎旗,152131
新巴尔虎右旗,152129
新巴尔虎左旗,152130
阿荣旗,152122
布尔津县,654321
哈巴河县,654324
阿勒泰市,654301
扎兰屯市,152103
克山县,230229
北安市,231181
鹤岗市,230401
克东县,230230
福海县,654323
绥棱县,232332
依安县,230223
富蕴县,654322
富裕县,230227
吉木乃县,654326
拜泉县,230231
龙江县,230221
富锦市,230882
庆安县,232330
林甸县,230623
铁力市,230781
明水县,232331
扎赉特旗,152223
汤原县,230828
青河县,654325
桦川县,230826
北林区,232301
望奎县,232324
泰来县,230224
青冈县,232326
和布克赛尔蒙古自治县,654226
额敏县,654221
集贤县,230521
安达市,232302
大庆市,230601
友谊县,230522
宝清县,230523
佳木斯市,230801
双鸭山市,230501
东乌珠穆沁旗,152525
巴彦县,230126
依兰县,230123
兰西县,232325
桦南县,230822
通河县,230128
木兰县,230127
呼兰县,230121
勃利县,230921
乌兰浩特市,152201
七台河市,230901
克拉玛依市,650201
方正县,230124
突泉县,152224
宾县,230125
阿城市,230181
科尔沁右翼中旗,152222
林口县,231025
哈尔滨市,230101
洮北区,220801
延寿县,230129
霍林郭勒市,152302
海林市,231083
扎鲁特旗,152327
尚志市,230183
奇台县,652325
鸡西市,230301
阿巴嘎旗,152522
西乌珠穆沁旗,152526
沙湾县,654223
玛纳斯县,652324
呼图壁县,652323
昌吉市,652301
温泉县,652723
乌苏市,654202
阿鲁科尔沁旗,150421
精河县,652722
木垒哈萨克自治县,652328
苏尼特左旗,152523
巴里坤哈萨克自治县,652222
阜康市,652302
米泉市,652303
吉木萨尔县,652327
锡林浩特市,152502
农安县,220122
霍城县,654123
东宁县,231024
牡丹江市,231001
奎屯市,654001
巴林左旗,150422
长岭县,220722
绥芬河市,231081
科尔沁左翼中旗,152322
敦化市,222403
巴林右旗,150423
宁安市,231084
石河子市,659001
伊宁县,654121
伊吾县,652223
永吉县,220221
林西县,150424
尼勒克县,654128
克什克腾旗,150425
开鲁县,152324
公主岭市,220381
吉林市,220201
双辽市,220382
汪清县,222424
科尔沁区,152301
伊宁市,654101
梨树县,220322
二连浩特市,152501
苏尼特右旗,152524
哈密市,652201
科尔沁左翼后旗,152323
新源县,654125
伊通满族自治县,220323
吐鲁番市,652101
巩留县,654124
鄯善县,652122
奈曼旗,152326
磐石市,220284
翁牛特旗,150426
特克斯县,654127
安图县,222426
四子王旗,152634
托克逊县,652123
四平市,220301
东辽县,220422
东丰县,220421
正蓝旗,152530
西丰县,211223
正镶白旗,152529
梅河口市,220581
敖汉旗,150430
辽源市,220401
和龙市,222406
辉南县,220523
抚松县,220621
靖宇县,220622
肃北蒙古族自治县,622124
额济纳旗,152923
和硕县,652828
镶黄旗,152528
多伦县,152531
拜城县,652926
库车县,652923
围场满族蒙古族自治县,130828
柳河县,220524
调兵山市,211281
铁岭县,211221
轮台县,652822
清原满族自治县,210423
乌拉特后旗,152826
温宿县,652922
铁岭市,211201
化德县,152625
北票市,211381
博湖县,652829
喀喇沁旗,150428
焉耆回族自治县,652826
库尔勒市,652801
康保县,130723
太仆寺旗,152527
商都县,152626
阜新市,210901
通化县,220521
阿拉善右旗,152922
抚顺市,210401
丰宁满族自治县,130826
察哈尔右翼后旗,152632
新宾满族自治县,210422
沽源县,130724
宁城县,150429
安西县,622126
通化市,220501
乌什县,652927
隆化县,130825
察哈尔右翼中旗,152631
北宁市,210782
义县,210727
尉犁县,652823
敦煌市,622103
灯塔市,211081
桓仁满族自治县,210522
本溪满族自治县,210521
喀喇沁左翼蒙古族自治县,211324
本溪市,210501
尚义县,130725
固阳县,150222
阿合奇县,653023
承德县,130821
兴和县,152627
凌源市,211382
辽阳县,211021
武川县,150125
平泉县,130823
若羌县,652824
辽阳市,211001
五原县,152822
临河市,152801
滦平县,130824
乌拉特前旗,152824
卓资县,152624
弓长岭区,211005
杭锦后旗,152827
察哈尔右翼前旗,152630
锦州市,210701
承德市,130801
鞍山市,210301
海城市,210381
大洼县,211121
呼和浩特市,150101
建昌县,211422
凤城市,210682
集宁市,152601
怀柔区,110227
柯坪县,652929
大石桥市,210882
金塔县,622123
土默特左旗,150121
玉门市,622101
土默特右旗,150221
凉城县,152629
兴城市,211481
岫岩满族自治县,210323
包头市,150201
丰镇市,152628
密云县,110228
延庆县,110229
怀安县,130728
宽城满族自治县,130827
营口市,210801
天镇县,140222
兴隆县,130822
和林格尔县,150123
绥中县,211421
青龙满族自治县,130321
托克托县,150122
盖州市,210881
达拉特旗,152722
阳高县,140221
迁西县,130227
大同市,140201
平谷区,110226
阳原县,130727
遵化市,130281
丹东市,210601
准格尔旗,152723
抚宁县,130323
右玉县,140623
且末县,652825
巴楚县,653130
左云县,140226
大同县,140227
迁安市,130283
东港市,210681
庄河市,210283
蔚县,130726
清水河县,150124
卢龙县,130324
瓦房店市,210281
秦皇岛市,130301
玉田县,130229
滦县,130223
鄂尔多斯市,152701
酒泉市,622102
普兰店市,210282
嘉峪关市,620201
伽师县,653129
涞水县,130623
怀仁县,140624
广灵县,140223
高台县,622225
浑源县,140225
阿克塞哈萨克族自治县,622125
宝坻县,120224
昌黎县,130322
伊金霍洛旗,152728
肃南裕固族自治县,622222
山阴县,140621
应县,140622
武清县,120222
涞源县,130630
临泽县,622224
墨玉县,653222
偏关县,142234
灵丘县,140224
廊坊市,131001
宁河县,120221
易县,130633
策勒县,653225
于田县,653226
民丰县,653227
洛浦县,653224
阿克陶县,653022
永清县,131023
民勤县,622322
疏勒县,653122
唐海县,130230
河曲县,142232
繁峙县,142226
张掖市,622201
神池县,142229
乌审旗,152727
高碑店市,130684
麦盖提县,653127
代县,142225
自治州直辖,632803
岳普湖县,653128
定兴县,130626
石嘴山区,640203
五寨县,142230
滦南县,130224
霸州市,131081
德令哈市,632802
天峻县,632823
徐水县,130625
平罗县,640221
雄县,130638
唐县,130627
原平市,142202
宁武县,142227
阜平县,130624
容城县,130629
满城县,130621
顺平县,130636
陶乐县,640222
祁连县,632222
五台县,142223
静海县,120223
文安县,131026
英吉沙县,653123
山丹县,622226
莎车县,653125
安新县,130632
永昌县,620321
岢岚县,142231
榆阳区,612701
任丘市,130982
保定市,130601
清苑县,130622
贺兰县,640122
大城县,131025
皮山县,653223
望都县,130631
民乐县,622223
高阳县,130628
平山县,130131
灵寿县,130126
青县,130922
金川区,620301
蠡县,130635
静乐县,142228
忻府区,142201
河间市,130984
定州市,130682
定襄县,142222
黄骅市,130983
岚县,142329
博野县,130637
安国市,130683
肃宁县,130926
沧县,130921
盂县,140322
新乐市,130184
永宁县,640121
阳曲县,140122
叶城县,653126
沧州市,130901
塔什库尔干塔吉克自治县,653131
献县,130929
饶阳县,131124
安平县,131125
正定县,130123
泽普县,653124
藁城市,130182
刚察县,632224
深泽县,130128
无极县,130130
海兴县,130924
鹿泉市,130185
青铜峡市,640381
横山县,612724
孟村回族自治县,130930
娄烦县,140123
泊头市,130981
武威市,622301
深州市,131182
南皮县,130927
古交市,140181
方山县,142330
晋州市,130183
武强县,131123
井陉矿区,130101
河口区,370503
吴忠市,640301
辛集市,130181
盐山县,130925
平定县,140321
寿阳县,142427
米脂县,612728
阳泉市,140301
太原市,140101
东光县,130923
靖边县,612725
阜城县,131128
栾城县,130124
庆云县,371423
武邑县,131122
长岛县,370634
古浪县,622323
元氏县,130132
交城县,142323
利津县,370522
赵县,130133
门源回族自治县,632221
榆次区,142401
景县,131127
乐陵市,371481
宁津县,371422
蓬莱市,370684
桃城区,131101
子洲县,612732
宁晋县,130528
格尔木市,632801
吴桥县,130928
中宁县,640322
清徐县,140121
垦利县,370521
赞皇县,130129
龙口市,370681
绥德县,612727
离石市,142302
冀州市,131181
昔阳县,142424
阳信县,372323
高邑县,130127
天祝藏族自治县,622326
枣强县,131121
海晏县,632223
柏乡县,130524
陵县,371421
滨城区,372301
文水县,142322
和顺县,142423
临城县,130522
新河县,130530
德城区,371401
惠民县,372321
环翠区,371001
太谷县,142429
隆尧县,130525
招远市,370685
栖霞市,370686
故城县,131126
商河县,370126
临邑县,371424
东营区,370501
子长县,610623
汾阳市,142303
中阳县,142332
祁县,142430
莱州市,370683
文登市,371081
南宫市,130581
内丘县,130523
都兰县,632822
巨鹿县,130529
荣成市,371082
大通回族土族自治县,630121
吴旗县,610626
榆社县,142421
博兴县,372328
武城县,371428
邢台县,130521
平原县,371426
平遥县,142431
广饶县,370523
安塞县,610624
寿光市,370783
孝义市,142301
高青县,370322
乌兰县,632821
广宗县,130531
威县,130533
任县,130526
左权县,142422
靖远县,620421
济阳县,370125
禹城市,371482
介休市,142402
交口县,142333
志丹县,610625
清河县,130534
海阳市,370687
莱阳市,370682
夏津县,371427
潍坊市,370701
平乡县,130532
互助土族自治县,632126
莱西市,370285
乳山市,371083
共和县,632521
邹平县,372330
昌邑市,370786
武乡县,140429
邢台市,130501
南和县,130527
桓台县,370321
章丘市,370181
平度市,370283
沙河市,130582
宝塔区,610601
齐河县,371425
永登县,620121
高唐县,371526
沁源县,140431
武安市,130481
湟中县,632124
白银区,620402
沁县,140430
鸡泽县,130431
曲周县,130435
邱县,130430
青州市,370781
临西县,130535
永年县,130429
隰县,142635
临清市,371581
涉县,130426
黎城县,140426
湟源县,632125
华池县,622823
乐都县,632123
皋兰县,620122
汾西县,142636
白银市,620401
馆陶县,130433
昌乐县,370725
茌平县,371523
西宁市,630101
襄垣县,140423
邯郸县,130421
东昌府区,371501
长清县,370123
冠县,371525
高密市,370785
肥乡县,130428
邯郸市,130401
安丘市,370784
蒲县,142632
甘泉县,610627
固原市,642221
临朐县,370724
广平县,130432
古县,142627
峰峰矿区,130406
平安县,632121
洪洞县,142625
莱芜市,371201
东阿县,371524
屯留县,140424
成安县,130424
安泽县,142628
胶州市,370281
大名县,130425
潞城市,140481
班戈县,542428
兰州市,620101
泰安市,370901
平顺县,140425
会宁县,620422
合水县,622824
榆中县,620123
长治市,140401
民和回族土族自治县,632122
魏县,130434
尼玛县,542430
沂源县,370323
莘县,371522
临漳县,130423
平阴县,370124
林州市,410581
富县,610628
安阳县,410522
诸城市,370782
尧都区,142601
肥城市,370983
阳谷县,371521
彭阳县,642226
庆城县,622821
治多县,632724
镇原县,622827
长子县,140428
西吉县,642223
壶关县,140427
南乐县,410923
永靖县,622923
沂水县,371323
长治县,140421
安阳市,410501
兴海县,632524
胶南市,370284
内黄县,410527
贵南县,632525
浮山县,142629
新泰市,370982
台前县,410927
清丰县,410922
洛川县,610629
沁水县,140521
襄汾县,142623
定西县,622421
鹤壁市,410601
黄龙县,610631
莒县,371122
蒙阴县,371328
汤阴县,410523
高平市,140581
梁山县,370832
五莲县,371121
宁阳县,370921
临洮县,622427
范县,410926
东乡族自治县,622926
陵川县,140524
循化撒拉族自治县,632128
宁县,622826
郓城县,372928
翼城县,142622
积石山保安族东乡族撒拉族自治县,622927
曲沃县,142621
庆阳市,622801
浚县,410621
辉县市,410782
濮阳市,410901
黄陵县,610632
新绛县,142726
稷山县,142727
曲阜市,370881
临夏县,622921
濮阳县,410928
泗水县,370831
隆德县,642224
沂南县,371321
静宁县,622727
鄄城县,372929
同仁县,632321
平凉市,622701
平邑县,371326
兖州市,370882
改则县,542526
侯马市,142602
滑县,410526
阳城县,140522
临夏市,622901
曲麻莱县,632726
同德县,632522
绛县,142731
嘉祥县,370829
广河县,622924
泾源县,642225
玛多县,632626
正宁县,622825
东港区,371101
宜君县,610222
闻喜县,142729
费县,371325
旬邑县,610429
万荣县,142725
和政县,622925
泾川县,622722
邹城市,370883
修武县,410821
通渭县,622424
泽库县,632323
巨野县,372926
牡丹区,372901
延津县,410726
日土县,542524
庄浪县,622726
康乐县,622922
白水县,610527
澄城县,610525
新乡市,410701
合阳县,610524
东明县,372930
渭源县,622426
崇信县,622724
陇西县,622425
莒南县,371327
长垣县,410728
华亭县,622725
盐湖区,142701
博爱县,410822
焦作市,410801
临沂市,371301
获嘉县,410724
微山县,370826
临猗县,142724
长武县,610428
沁阳市,410882
滕州市,370481
彬县,610427
济源市,410881
玛沁县,632621
定陶县,372923
灵台县,622723
金乡县,370828
秦安县,620522
武陟县,410823
张家川回族自治县,620525
鱼台县,370827
蒲城县,610526
成武县,372924
卓尼县,623022
赣榆县,320721
富平县,610528
临沭县,371329
陇县,610327
临潭县,623021
永济市,142702
曹县,372922
甘谷县,620523
温县,410825
孟州市,410883
淳化县,610430
大荔县,610523
兰考县,410225
荥阳市,410182
中牟县,410122
麟游县,610329
郑州市,410101
清水县,620521
永寿县,610426
孟津县,410322
漳县,622428
千阳县,610328
单县,372925
武山县,620524
沛县,320322
丰县,320321
郯城县,371322
民权县,411421
巩义市,410181
芮城县,142723
三原县,610422
礼泉县,610425
三门峡市,411201
义马市,411281
碌曲县,623026
临渭区,610501
偃师市,410381
东海县,320722
称多县,632723
连云港市,320701
凤翔县,610322
杞县,410221
泾阳县,610423
洛阳市,410301
岷县,622429
宝鸡县,610321
灵宝市,411282
宜阳县,410327
邳州市,320382
华阴市,610582
新密市,410183
砀山县,341321
新郑市,410184
灌云县,320723
潼关县,610522
宁陵县,411423
虞城县,411425
洛宁县,410328
岐山县,610323
尉氏县,410223
华县,610521
登封市,410185
铜山县,320323
通许县,410222
睢县,411422
伊川县,410329
礼县,622628
萧县,341322
新沂市,320381
兴平市,610481
洛南县,612522
夏邑县,411426
宝鸡市,610301
沭阳县,321322
甘德县,632623
禹州市,411081
卢氏县,411224
滨海县,320922
宕昌县,622623
汝阳县,410326
徐州市,320301
嵩县,410325
汝州市,410482
扶沟县,412721
蓝田县,610122
长葛市,411082
迭部县,623024
眉县,610326
凤县,610330
永城市,411481
太康县,412724
柘城县,411424
户县,610125
两当县,622629
鄢陵县,411024
周至县,610124
西和县,622627
达日县,632624
商州区,612501
栾川县,410324
郏县,410425
太白县,610331
许昌县,411023
徽县,622630
睢宁县,320324
淮北市,340601
许昌市,411001
鹿邑县,412725
涟水县,320826
谯城区,341281
灵璧县,341323
宝丰县,410421
濉溪县,340621
襄城县,411025
舟曲县,623023
石渠县,513332
成县,622624
鲁山县,410423
泗阳县,321323
临颍县,411122
西华县,412722
丹凤县,612523
淮阳县,412727
阜宁县,320923
柞水县,612527
淮阴县,320821
留坝县,610729
宁陕县,612424
平顶山市,410401
杂多县,632722
郸城县,412726
涡阳县,341223
西峡县,411323
泗县,341324
玉树县,632721
叶县,410422
淮安市,320882
郾城县,411123
商南县,612524
革吉县,542525
佛坪县,610730
商水县,412723
南召县,411321
舞阳县,411121
九寨沟县,513225
洋县,610723
山阳县,612525
武都县,622621
镇安县,612526
周口市,412701
城固县,610722
康县,622625
勉县,610725
淮阴市,320801
略阳县,610727
方城县,411322
漯河市,411101
内乡县,411325
太和县,341222
沈丘县,412728
西平县,412824
界首市,341282
项城市,412702
固镇县,340323
蒙城县,341224
上蔡县,412825
舞钢市,410481
宝应县,321023
洪泽县,320829
利辛县,341227
淅川县,411326
汉台区,610701
镇平县,411324
石泉县,612423
文县,622626
安多县,542425
红原县,513233
班玛县,632622
怀远县,340321
遂平县,412823
汉滨区,612401
郧县,420321
噶尔县,542523
西乡县,610724
兴化市,321281
金湖县,320831
宁强县,610726
汝南县,412826
平舆县,412827
泌阳县,412822
社旗县,411327
临泉县,341221
汉阴县,612422
松潘县,513224
南郑县,610721
高邮市,321084
色达县,513333
平武县,510727
蚌埠市,340301
凤台县,340421
邓州市,411381
新蔡县,412828
天长市,341181
淮南市,340401
青川县,510822
唐河县,411328
阜南县,341225
甘孜县,513328
镇巴县,610728
新野县,411329
紫阳县,612425
正阳县,412829
江都市,321088
聂荣县,542424
来安县,341122
南江县,513722
囊谦县,632725
德格县,513330
姜堰市,321284
桐柏县,411330
海安县,320621
札达县,542522
定远县,341125
壤塘县,513230
旺苍县,510821
巴青县,542429
息县,411528
寿县,342422
淮滨县,411527
平利县,612427
竹山县,420323
长丰县,340121
黑水县,513228
仪征市,321081
滁州市,341101
泰州市,321201
通江县,513721
岚皋县,612426
房县,420325
固始县,411525
谷城县,420625
如皋市,320682
竹溪县,420324
襄阳县,420621
枣阳市,420683
马尔康县,513229
泰兴市,321283
潢川县,411526
丁青县,542125
江油市,510781
罗山县,411521
剑阁县,510823
肥东县,340122
茂县,513223
通州市,320683
全椒县,341124
镇坪县,612428
句容市,321183
北川县,510726
城口县,500229
光山县,411522
襄樊市,420601
苍溪县,510824
靖江市,321282
丹阳市,321181
江宁县,320121
保康县,420626
海门市,320684
启东市,320681
商城县,411524
比如县,542423
南通市,320601
巴州区,513701
和县,342626
张家港市,320582
南漳县,420624
肥西县,340123
居巢区,342601
索县,542427
江阴市,320281
金川县,513226
合肥市,340101
类乌齐县,542124
那曲县,542421
理县,513222
梓潼县,510725
宜城市,420684
含山县,342625
金坛市,320482
申扎县,542426
平昌县,513723
神农架林区,429021
炉霍县,513327
大悟县,420922
阆中市,511381
常熟市,320581
新县,411523
宣汉县,513022
金寨县,342426
溧水县,320124
马鞍山市,340501
安县,510724
锡山市,320283
巫溪县,500238
太仓市,320585
汶川县,513221
小金县,513227
绵竹市,510683
开县,500234
当涂县,340521
溧阳市,320481
白玉县,513331
仪陇县,511324
无锡市,320201
什邡市,510682
宜兴市,320282
钟祥市,420881
南部县,511321
麻城市,421181
红安县,421122
兴山县,420526
庐江县,342622
舒城县,342425
达县,513021
霍山县,342427
昆山市,320583
新龙县,513329
道孚县,513326
无为县,342623
高淳县,320125
盐亭县,510723
巫山县,500237
芜湖市,340201
宜昌县,420521
安陆市,420982
京山县,420821
彭州市,510182
三台县,510722
云阳县,500235
边坝县,542133
芜湖县,340221
营山县,511322
巴东县,422823
丹巴县,513323
奉节县,500236
远安县,420525
都江堰市,510181
宣州区,342501
郎溪县,342522
繁昌县,340222
嘉黎县,542422
通川区,513001
中江县,510623
蓬安县,511323
罗田县,421123
桐城市,340881
渠县,513030
西充县,511325
开江县,513023
贡觉县,542123
吴江市,320584
云梦县,420923
普兰县,542521
广德县,342523
秭归县,420527
当阳市,420582
岳西县,340828
洛隆县,542132
长兴县,330522
南陵县,340223
南汇县,310225
射洪县,510922
察雅县,542126
英山县,421124
应城市,420981
广汉市,510681
铜陵县,340721
枞阳县,340823
潜山县,340824
当雄县,540122
嘉善县,330421
昂仁县,542327
奉贤县,310226
八宿县,542127
大竹县,513029
新都县,510125
湖州市,330501
郫县,510124
铜陵市,340701
金堂县,510121
宝兴县,513128
天门市,429006
建始县,422822
梁平县,500228
崇州市,510184
安吉县,330523
汉川市,420984
平湖市,330482
泾县,342529
青阳县,342923
广安区,511601
怀宁县,340822
大邑县,510129
浠水县,421125
桐乡市,330483
贵池区,342901
芦山县,513127
岳池县,511621
宁国市,342502
宜昌市,420501
长阳土家族自治县,420528
康定县,513321
太湖县,340825
安庆市,340801
理塘县,513334
德清县,330521
恩施市,422801
蕲春县,421126
双流县,510122
枝江市,420583
波密县,542625
市中区,370802
潜江市,429005
利川市,422802
简阳市,513902
海盐县,330424
巴塘县,513335
乐至县,513922
工布江达县,542622
宜都市,420581
海宁市,330481
余杭市,330184
邛崃市,510183
仙桃市,429004
邻水县,511623
雅江县,513325
新津县,510132
黄山市,341001
垫江县,500231
林周县,540121
东至县,342921
旌德县,342530
临安市,330185
潼南县,500223
谢通门县,542328
宿松县,340826
望江县,340827
五峰土家族自治县,420529
石台县,342922
萧山市,330181
杭州市,330101
合川市,500382
彭山县,513823
天全县,513126
绩溪县,342531
蒲江县,510131
大冶市,420281
墨竹工卡县,540127
慈溪市,330282
公安县,421022
黄梅县,421127
南木林县,542322
安岳县,513921
雁江区,513901
嘉鱼县,421221
丰都县,500230
名山县,513122
余姚市,330281
林芝县,542621
雨城区,513101
鹤峰县,422828
宣恩县,422825
长寿区,500221
武穴市,421182
洪湖市,421083
富阳市,330183
黟县,341023
监利县,421023
上虞市,330682
绍兴县,330621
阳新县,420222
堆龙德庆县,540125
丹棱县,513825
石门县,430726
祁门县,341024
歙县,341021
桐庐县,330122
泸定县,513322
铜梁县,500224
彭泽县,360430
越城区,330601
咸丰县,422826
资中县,511025
咸安区,421201
淳安县,330127
休宁县,341022
达孜县,540126
涪陵区,500102
萨嘠县,542337
洪雅县,513824
赤壁市,421281
尼木县,540123
澧县,430723
石首市,421081
荥经县,513123
浮梁县,360222
夹江县,511126
青神县,513826
璧山县,500227
井研县,511124
黔江区,500239
墨脱县,542624
湖口县,360429
九江县,360421
大足县,500225
瑞昌市,360481
临湘市,430682
通山县,421224
彭水苗族土家族自治县,500243
嵊州市,330683
桑日县,542224
米林县,542623
临澧县,430724
华容县,430623
城关区,540101
桑植县,430822
奉化市,330283
建德市,330182
津市市,430781
汉源县,513124
加查县,542229
峨眉山市,511181
波阳县,362330
慈利县,430821
荣昌县,500226
稻城县,513337
崇阳县,421223
武隆县,500232
来凤县,422827
乡城县,513336
日喀则市,542301
象山县,330225
岳阳市,430601
岳阳县,430621
荣县,510321
龙山县,433130
都昌县,360428
曲水县,540124
拉孜县,542326
乃东县,542221
扎囊县,542222
婺源县,362334
武宁县,360423
永川市,500383
新昌县,330624
义乌市,330782
德安县,360426
星子县,360427
隆昌县,511028
石棉县,513125
双桥区,500111
贡嘎县,542223
宁海县,330226
仁布县,542330
南川市,500384
开化县,330824
东阳市,330783
富顺县,510322
江津市,500381
犍为县,511123
兰溪市,330781
金口河区,511113
永顺县,433127
张家界市,430801
酉阳土家族苗族自治县,500242
桃源县,430725
通城县,421222
常德市,430701
修水县,360424
永修县,360425
九龙县,513324
天台县,331023
衢县,330821
峨边彝族自治县,511132
泸县,510521
吉隆县,542335
磐安县,330727
金华县,330721
浪卡子县,542233
甘洛县,513435
白朗县,542329
德兴市,362302
龙游县,330825
曲松县,542226
宜宾县,511521
沐川县,511129
德钦县,533422
婺城区,330701
江孜县,542323
常山县,330822
道真仡佬族苗族自治县,520325
琼结县,542225
綦江县,500222
沅江市,430981
三门县,331022
木里藏族自治县,513422
汉寿县,430722
万盛区,500110
靖安县,362232
平江县,430626
永康市,330784
务川仡佬族苗族自治县,520326
马边彝族自治县,511133
临海市,331082
南溪县,511522
余干县,362329
武义县,330723
柯城区,330801
冕宁县,513433
怀来县,130730
涿鹿县,130731
宣化区,130705
井陉县,130121
磁县,130427
新乡县,410721
原阳县,410725
驻马店市,412801
确山县,412821
信阳市,411501
商丘市,411401
南阳市,411301
即墨市,370282
青岛市,370201
苍山县,371324
枣庄市,370401
济南市,370101
淄博市,370301
沾化县,372325
烟台市,370601
建湖县,320925
射阳县,320924
如东县,320623
东台市,320981
大丰市,320982
宿迁市,321301
诸暨市,330681
浦江县,330726
六安市,342401
阜阳市,341201
丹江口市,420381
老河口市,420682
孝南区,420901
孝昌县,420921
黄州区,421101
团凤县,421121
武汉市,420101
松滋市,421087
江陵县,421024
东宝区,420801
沙洋县,420822
乐平市,360281
上栗县,360322
芦溪县,360323
新竹市,710301
宜兰县,710002
台北县,710001
嘉义市,710501
嘉义县,710011
晋江市,350582
临高县,460028
澄迈县,460027
文昌市,460005
琼海市,460002
万宁市,460006
三亚市,460201
昌江黎族自治县,460031
石狮市,350581
大安市,220882
通榆县,220822
延吉市,222401
开原市,211282
抚顺县,210421
宿豫县,321321
扬中市,321182
银川市,640101
雷波县,513437
万源市,513002
瑞丽市,533102
昆明市,530101
左贡县,542128
江达县,542122
昌都县,542121
措勤县,542527
朝阳市,211301
朝阳县,211321
灵石县,142433
盐都县,320928
新建县,360122
吉安县,362421
武胜县,511622
和静县,652827
阿瓦提县,652928
阿克苏市,652901
察布查尔锡伯自治县,654122
昭苏县,654126
博乐市,652701
托里县,654224
马关县,532625
麻栗坡县,532624
苗栗县,710005
新竹县,710004
中方县,431221
无棣县,372324
海伦市,232304
盐城市,320901
吉州区,362401
霍州市,142603
台南市,710601
晋城市,140501
塘沽区,120107
大港区,120109
西青区,120111
津南区,120112
天津市区,120100
东丽区,120110
金山区,310116
嘉定区,310114
浦东新区,310115
宝山区,310113
闵行区,310112
上海市,310100
青浦区,310101
松江区,310117
梅列区,350402
三元区,350403
鲤城区,350502
丰泽区,350503
洛江区,350504
同安区,350212
思明区,350203
开元区,350204
湖里区,350206
杏林区,350205
集美区,350211
龙文区,350603
芗城区,350602
浔阳区,360403
庐山区,360402
珠山区,360203
昌江区,360202
安源区,360302
湘东区,360313
金州区,210213
旅顺口区,210212
甘井子区,210211
汨罗市,430681
合江县,510522
安义县,360123
沅陵县,431222
翠屏区,511501
仙居县,331024
玉山县,362323
南昌县,360121
措美县,542227
缙云县,332526
江安县,511523
得荣县,513338
保靖县,433125
万年县,362331
江山市,330881
桐梓县,520322
越西县,513434
秀山土家族苗族自治县,500241
奉新县,362226
正安县,520324
康马县,542331
屏山县,511529
香格里拉县,533421
上饶县,362321
习水县,520330
铜鼓县,362233
美姑县,513436
遂昌县,332527
长宁县,511524
弋阳县,362326
古丈县,433126
进贤县,360124
赤水市,520381
高县,511525
横峰县,362325
莲都区,332501
宜丰县,362229
桃江县,430922
绥江县,532127
长沙县,430121
水富县,532131
高安市,362222
安化县,430923
德江县,522227
贵溪市,360681
花垣县,433124
广丰县,362322
余江县,360622
永嘉县,330324
松阳县,332528
浏阳市,430181
洛扎县,542228
望城县,430122
乐清市,330323
温岭市,331081
叙永县,510524
喜德县,513432
永善县,532126
珙县,511526
东乡县,362531
绥阳县,520323
宁乡县,430124
信州区,362301
青田县,332522
吉首市,433101
兴文县,511528
万载县,362227
错那县,542232
上高县,362228
丰城市,362202
盐津县,532124
铅山县,362324
贡山独龙族怒族自治县,533324
昭觉县,513431
凤冈县,520327
印江土家族苗族自治县,522226
古蔺县,510525
龙泉市,332502
亚东县,542334
凤凰县,433123
浦城县,350722
月湖区,360601
溆浦县,431224
云和县,332523
长沙市,430101
盐源县,513423
临川区,362502
大关县,532125
筠连县,511527
新化县,432524
湄潭县,520328
西昌市,513401
景宁畲族自治县,332529
温州市,330301
仁怀市,520382
樟树市,362203
思南县,522225
分宜县,360521
瓯海县,330304
金溪县,362528
威信县,532130
渝水区,360501
武夷山市,350782
袁州区,362201
湘潭县,430321
遵义县,520321
湘乡市,430381
涟源市,432503
韶山市,430382
麻阳苗族自治县,431226
株洲市,430201
湘潭市,430301
维西傈僳族自治县,533423
光泽县,350723
瑞安市,330381
文成县,330328
娄底市,432501
醴陵市,430281
新干县,362424
金阳县,513430
江口县,522222
彝良县,532129
崇仁县,362525
布拖县,513429
宁蒗彝族自治县,533224
资溪县,362529
株洲县,430221
铜仁市,522201
洞头县,330322
庆元县,332525
松溪县,350724
普格县,513428
泰顺县,330329
镇雄县,532128
冷水江市,432502
红花岗区,520301
南城县,362522
毕节市,522401
平阳县,330326
峡江县,362423
丽江纳西族自治县,533221
金沙县,522424
乐安县,362526
建阳市,350784
双峰县,432522
石阡县,522224
宜黄县,362527
余庆县,520329
寿宁县,352229
隆回县,430524
昭通市,532101
芷江侗族自治县,431228
新邵县,430522
万山特区,522230
安福县,362429
大方县,522422
苍南县,330327
邵武市,350781
德昌县,513424
黎川县,362523
吉水县,362422
永丰县,362425
岑巩县,522626
鲁甸县,532122
玉屏侗族自治县,522223
政和县,350725
福贡县,533323
瓮安县,522725
莲花县,360321
赫章县,522428
邵东县,430521
新晃侗族自治县,431227
威宁彝族回族苗族自治县,522427
衡东县,430424
攸县,430223
福鼎市,352203
巧家县,532123
福安市,352202
洞口县,430525
衡阳县,430421
镇远县,522625
开阳县,520121
南丰县,362524
盐边县,510422
黔西县,522423
建瓯市,350783
息烽县,520122
施秉县,522623
柘荣县,352231
周宁县,352230
邵阳市,430501
宁南县,513427
邵阳县,430523
米易县,510421
黄平县,522622
永新县,362430
修文县,520123
顺昌县,350721
屏南县,352228
天柱县,522627
会同县,431225
宁都县,360730
绥宁县,430527
泰宁县,350429
茶陵县,430224
霞浦县,352225
建宁县,350430
纳雍县,522426
兰坪白族普米族自治县,533325
永胜县,533222
三穗县,522624
祁东县,430426
将乐县,350428
会泽县,530326
福泉市,522702
武冈市,430581
衡阳市,430401
衡南县,430422
蕉城区,352201
广昌县,362532
泰和县,362426
织金县,522425
华坪县,533223
清镇市,520181
剑河县,522629
新宁县,430528
水城县,520221
贵阳市,520101
古田县,352227
东安县,431122
台江县,522630
南平市,350701
祁阳县,431121
安仁县,431028
龙里县,522730
宁冈县,362432
凯里市,522601
井冈山市,362402
靖州苗族侗族自治县,431229
锦屏县,522628
钟山区,520201
贵定县,522723
万安县,362428
遂川县,362427
宣威市,530381
耒阳市,430481
城步苗族自治县,430529
鹤庆县,532932
兴国县,360732
剑川县,532931
沙县,350427
宁化县,350424
明溪县,350421
炎陵县,430225
罗源县,350123
平坝县,522526
麻江县,522635
常宁市,430482
石城县,360735
闽侯县,350121
雷山县,522634
闽清县,350124
六枝特区,520203
泸水县,533321
黎平县,522631
永仁县,532327
永兴县,431023
通道侗族自治县,431230
榕江县,522632
连江县,350122
西秀区,522501
尤溪县,350426
洱源县,532930
丹寨县,522636
都匀市,522701
福州市,350101
大姚县,532326
全州县,450324
云龙县,532929
清流县,350423
于都县,360731
资源县,450329
盘县特区,520202
惠水县,522731
瑞金市,360781
长顺县,522729
资兴市,431081
赣县,360721
南康市,360782
桂阳县,431021
桂东县,431027
宾川县,532924
龙胜各族自治县,450328
永安市,350481
武定县,532329
三都水族自治县,522732
镇宁布依族苗族自治县,522529
晴隆县,522324
普安县,522323
双牌县,431123
大田县,350425
上犹县,360724
宁远县,431126
元谋县,532328
新田县,431128
关岭布依族苗族自治县,522528
长乐市,350182
永泰县,350125
三江侗族自治县,452228
长汀县,350821
紫云苗族布依族自治县,522530
从江县,522633
寻甸回族彝族自治县,530129
独山县,522726
富源县,530325
章贡区,360701
大理市,532901
连城县,350825
德化县,350526
会昌县,360733
兴安县,450325
崇义县,360725
漾濞彝族自治县,532922
汝城县,431026
祥云县,532923
道县,431124
福清市,350181
兴仁县,522322
灵川县,450323
嘉禾县,431024
漳平市,350881
灌阳县,450327
罗甸县,522728
永平县,532928
姚安县,532325
融水苗族自治县,452229
仙游县,350322
贞丰县,522325
宜章县,431022
临桂县,450322
牟定县,532323
荔波县,522722
保山区,533001
安远县,360726
望谟县,522326
蓝山县,431127
大余县,360723
马龙县,530321
南丹县,452725
富民县,530124
新罗区,350801
临武县,431025
融安县,452227
永春县,350525
信丰县,360722
巍山彝族回族自治县,532927
环江毛南族自治县,452724
弥渡县,532925
禄丰县,532331
武平县,350824
江永县,431125
天峨县,452726
嵩明县,530127
上杭县,350823
永福县,450326
罗平县,530324
安溪县,350524
安龙县,522328
兴义市,522301
南华县,532324
桂林市,450301
陆良县,530322
江华瑶族自治县,431129
南安市,350583
册亨县,522327
宜良县,530125
恭城瑶族自治县,450332
惠安县,350521
寻乌县,360734
楚雄市,532301
华安县,350629
昌宁县,533025
罗城仫佬族自治县,452723
台北市,710201
基隆市,710101
南涧彝族自治县,532926
富川瑶族自治县,452428
全南县,360729
桃园县,710003
安宁市,530181
乐业县,452629
永定县,350822
阳朔县,450321
定南县,360728
凤庆县,533522
石林彝族自治县,530126
龙南县,360727
隆林各族自治县,452631
师宗县,530323
南靖县,350627
呈贡县,530121
施甸县,533022
梁河县,533122
易门县,530425
澄江县,530422
河池市,452701
双柏县,532322
长泰县,350625
平乐县,450330
宜州市,452702
龙陵县,533024
东兰县,452728
柳城县,450222
凤山县,452727
景东彝族自治县,532724
晋宁县,530122
田林县,452630
贺州市,452402
钟山县,452427
荔浦县,450331
云县,533523
泸西县,532527
西林县,452632
弥勒县,532526
陇川县,533124
凌云县,452628
龙海市,350681
平和县,350628
都安瑶族自治县,452730
华宁县,530424
玉溪市,530401
峨山彝族自治县,530426
江川县,530421
柳州市,450201
金秀瑶族自治县,452230
丘北县,532626
广南县,532627
台中县,710006
永德县,533524
新平彝族傣族自治县,530427
昭平县,452424
蒙山县,450423
巴马瑶族自治县,452729
忻城县,452231
花莲县,710007
大化瑶族自治县,452731
镇沅彝族哈尼族拉祜族自治县,532726
漳浦县,350623
象州县,452224
百色市,452601
镇康县,533525
临沧县,533521
通海县,530423
南投县,710008
台中市,710401
云霄县,350622
建水县,532524
彰化县,710009
苍梧县,450421
诏安县,350624
富宁县,532628
田阳县,452622
石屏县,532525
来宾市,452226
藤县,450422
平南县,450821
马山县,452127
耿马傣族佤族自治县,533527
田东县,452623
砚山县,532622
墨江哈尼族自治县,532723
开远市,532502
合山市,452201
武宣县,452225
元江哈尼族彝族傣族自治县,530428
平果县,452624
景谷傣族彝族自治县,532725
云林县,710010
双江拉祜族佤族布朗族傣族自治县,533526
桂平市,450881
上林县,452124
文山县,532621
德保县,452625
个旧市,532501
西畴县,532623
普洱哈尼族彝族自治县,532722
蒙自县,532522
靖西县,452626
梧州市,450401
武鸣县,450122
那坡县,452627
高雄县,710013
宾阳县,452123
台东县,710015
红河县,532529
贵港市,450801
台南县,710012
屏边苗族自治县,532523
天等县,452131
隆安县,452126
元阳县,532528
岑溪市,450481
绿春县,532531
横县,452122
容县,450921
邕宁县,450121
南宁市,450101
大新县,452130
思茅市,532721
金平苗族瑶族傣族自治县,532530
河口瑶族自治县,532532
扶绥县,452128
江城哈尼族彝族自治县,532727
北流市,450981
崇江市,452129
屏东市,710014
高雄市,710701
浦北县,450722
灵山县,450721
陆川县,450922
孟连傣族拉祜族佤族自治县,532728
博白县,450923
钦州市,450701
勐腊县,532823
上思县,450621
合浦县,450521
北海市,450501
儋州市,460003
定安县,460025
屯昌县,460026
白沙黎族自治县,460030
琼中黎族苗族自治县,460036
东方市,460007
乐东黎族自治县,460033
通什市,460001
保亭黎族苗族自治县,460035
陵水黎族自治县,460034
聂拉木县,542336
萨迦县,542325
定日县,542324
盈江县,533123
腾冲县,533023
海原县,642222
灵武市,640382
盐池县,640323
定边县,612726
同心县,640324
环县,622822
鄂托克前旗,152724
磴口县,152823
杭锦旗,152726
鄂托克旗,152725
乌海市,150301
阿拉善左旗,152921
乌拉特中旗,152825
达尔罕茂明安联合旗,150223
塔城市,654201
裕民县,654225
新和县,652925
沙雅县,652924
阿图什市,653001
乌恰县,653024
疏附县,653121
喀什市,653101
和田市,653201
和田县,653221
合作市,623001
夏河县,623027
天水市,620501
贵德县,632523
尖扎县,632322
化隆回族自治县,632127
岗巴县,542338
定结县,542332
威远县,511024
仁寿县,513822
内江市,511001
乐山市,511101
东坡区,513821
罗江县,510626
旌阳区,510603
华蓥市,511681
南充市,511301
大英县,510923
泸州市,510501
曲靖市,530301
沾益县,530328
沧源佤族自治县,533528
西盟佤族自治县,532730
澜沧拉祜族自治县,532729
景洪市,532801
勐海县,532822
潞西市,533103
龙州县,452133
东兴市,450681
防城港市,450601
玉林市,450901
兴业县,450924
宁明县,452132
凭祥市,452101
沿河土家族自治县,522228
松桃苗族自治县,522229
阿尔山市,152202
科尔沁右翼前旗,152221
惠农县,640223
武功县,610431
咸阳市,610401
高陵县,610126
万州区,500101
重庆市,500100
郴州市,431001
衡山县,430423
洪江市,431281
怀化市,431201
五大连池市,231182
齐齐哈尔市,230201
杜尔伯特蒙古族自治县,230624
肇州县,230621
肇源县,230622
穆棱市,231085
密山市,230382
洮南市,220881
镇赉县,220821
乾安县,220723
长春市,220101
宁江区,220701
江源县,220625
乐昌市,440281
仁化县,440224
南雄市,440282
连州市,441882
乳源瑶族自治县,440232
始兴县,440222
曲江县,440221
平远县,441426
连南瑶族自治县,441826
阳山县,441823
韶关市,440201
蕉岭县,441427
连山壮族瑶族自治县,441825
梅县,441421
龙川县,441622
和平县,441624
大埔县,441422
翁源县,440229
兴宁市,441481
连平县,441623
英德市,441881
梅州市,441401
怀集县,441224
新丰县,440233
饶平县,445122
丰顺县,441423
五华县,441424
佛冈县,441821
封开县,441225
广宁县,441223
龙门县,441324
从化市,440184
紫金县,441621
博罗县,441322
四会市,441284
揭西县,445222
增城市,440183
花都区,440182
普宁市,445281
陆河县,441523
广州市,440101
惠阳市,441381
郁南县,445322
惠州市,441301
海丰县,441521
东莞市,441901
番禺区,440181
罗定市,445381
鹤山市,440784
新兴县,445321
信宜市,440983
阳春市,441781
开平市,440783
台山市,440781
高州市,440981
化州市,440982
廉江市,440881
茂名市,440901
遂溪县,440823
深圳市,440301
河源市,441601
东源县,441625
清远市,441801
清新县,441827
肇庆市,441201
高要市,441283
潮州市,445101
潮安县,445121
揭阳市,445201
揭东县,445221
汕尾市,441501
惠东县,441323
中山市,442001
徐闻县,440825
吴川市,440883
电白县,440923
阳江市,441701
阳西县,441721
阳东县,441723
恩平市,440785
斗门县,440421
云浮市,445301
云安县,445323
雷州市,440882
湛江市,440801
沈阳市,210101
凌海市,210781
乐亭县,130225
张家口市,130701
万全县,130729
张北县,130722
崇礼县,130733
下花园区,130706
赤城县,130732
泽州县,140525
俑桥区,341301
玉环县,331021
永州市,431101
陆丰市,441581
惠来县,445224
潮阳市,440582
汕头市,440501
澄海市,440583
长海县,210224
舟山市,330901
岱山,330921
平潭县,350128
金门县,350527
南澳县,440523
鸡东县,230321
乾县,610424
扶风县,610324
仲巴县,542333
东山县,350626
澎湖县,710016
淇县,410622
卫辉市,410781
芒康县,542129
察隅县,542626
普定县,522527
平塘县,522727
门头沟区,110109
房山区,110111
宣武区,110104
海淀区,110108
昌平区,110221
丰台区,110106
朝阳区,110105
东城区,110101
西城区,110102
崇文区,110103
石景山区,110107
蓬溪县,510921
乌鲁木齐县,650121
集安市,220582
八道江区,220601
临江市,220681
长白朝鲜族自治县,220623
图们市,222402
珲春市,222404
宽甸满族自治县,210624
漠河县,232723
塔河县,232722
呼玛县,232721
爱辉区,231101
孙吴县,231124
逊克县,231123
嘉荫县,230722
萝北县,230421
绥滨县,230422
同江市,230881
抚远县,230833
饶河县,230524
虎林市,230381
龙井市,222405
鄂伦春自治旗,152127
莫力达瓦达斡尔族自治旗,152123
嫩江县,231121
甘南县,230225
讷河市,612685
崇明县,310230
阿坝县,513231
若尔盖县,513232
久治县,632625
建平县,211322
赤峰市,300802
五常市,230184
顺义区,110113
大厂回族自治县,131028
通州区,110112
香河县,131024
蓟县,120225
三河市,131082
库伦旗,152325
保德县,142233
府谷县,612723
兴县,142325
神木县,612722
佳县,612729
乡宁县,142631
河津市,142703
韩城市,610581
吉县,142630
宜川县,610630
大宁县,142633
临县,142326
柳林县,142327
吴堡县,612730
延长县,610621
永和县,142634
延川县,610622
石楼县,142328
清涧县,612731
涿州市,130681
固安县,131022
大兴县,110224
河南蒙古族自治县,632324
玛曲县,623025
旬阳县,612429
郧西县,420322
白河县,612430
景泰县,620423
中卫县,640321
渑池县,411221
垣曲县,142733
新安县,410323
夏县,142730
陕县,411222
平陆县,142732
九台市,220181
舒兰市,220283
双城市,230182
肇东市,232303
蛟河市,220281
桦甸市,220282
前郭尔罗斯蒙古族自治县,220721
扶余县,220724
德惠市,220183
榆树市,220182
盘山县,211122
辽中县,210122
台安县,210321
彰武县,210922
阜新蒙古族自治县,210921
康平县,210123
法库县,210124
昌图县,211224
黑山县,210726
新民市,210181
汶上县,370830
东平县,370923
开封市,410201
开封县,410224
封丘县,410727
曾都区,429001
广水市,420983
石柱土家族自治县,500240
忠县,500233
辰溪县,431223
泸溪县,433122
颍上县,341226
霍邱县,342423
泗洪县,321324
凤阳县,341126
五河县,340322
禄劝彝族苗族自治县,530128
会东县,513426
湘阴县,430624
益阳市,430901
柳江县,450221
鹿寨县,452223
德庆县,441226
南县,430921
安乡县,430721
会理县,513425
攀枝花市,510401
灌南县,320724
响水县,320921
曲阳县,130634
行唐县,130125
盱眙县,320830
明光市,341182
北辰区,120113
汉沽区,120108
双台子区,211102
兴隆台区,211103
南票区,211404
龙港区,211403
连山区,211402
茅箭区,420302
张湾区,420303
华容区,420703
鄂城区,420704
梁子湖区,420702
铁山区,420205
下陆区,420204
黄石港区,420202
石灰窑区,420203
荆州区,421003
沙市区,421002
椒江区,331002
路桥区,331004
黄岩区,331003
海拉尔区,152101
鄂温克族自治旗,152128
秀城区,330402
秀洲区,330401
朝天区,510812
元坝区,510811
涪城区,510703
游仙区,510704
大安区,510304
贡井区,510303
自流井区,510302
沿滩区,510311
朔城区,140602
平鲁区,140603
任城区,370811
珠海市,440401
澳门特别行政区,820000
朗县,542627
隆子县,542231
唐山市,390704
南京市,320101
扬州市,642028
镇江市,642222
常州市,640884
宁波市,660428
莆田市,1050926
湾里区,2160636
新会市,881483
佛山市,440601
海口市,920105
成都市,1020224
西安市,610101
铜川市,1220422
苏州市市辖区,320501
